url,repository_url,labels_url,user
https://api.github.com/repos/pandas-dev/pandas/issues/46570,https://api.github.com/repos/pandas-dev/pandas,https://api.github.com/repos/pandas-dev/pandas/issues/46570/labels{/name},"{'login': 'WillAyd', 'id': 609873, 'node_id': 'MDQ6VXNlcjYwOTg3Mw==', 'avatar_url': 'https://avatars.githubusercontent.com/u/609873?v=4', 'gravatar_id': '', 'url': 'https://api.github.com/users/WillAyd', 'html_url': 'https://github.com/WillAyd', 'followers_url': 'https://api.github.com/users/WillAyd/followers', 'following_url': 'https://api.github.com/users/WillAyd/following{/other_user}', 'gists_url': 'https://api.github.com/users/WillAyd/gists{/gist_id}', 'starred_url': 'https://api.github.com/users/WillAyd/starred{/owner}{/repo}', 'subscriptions_url': 'https://api.github.com/users/WillAyd/subscriptions', 'organizations_url': 'https://api.github.com/users/WillAyd/orgs', 'repos_url': 'https://api.github.com/users/WillAyd/repos', 'events_url': 'https://api.github.com/users/WillAyd/events{/privacy}', 'received_events_url': 'https://api.github.com/users/WillAyd/received_events', 'type': 'User', 'site_admin': False}"
https://api.github.com/repos/pandas-dev/pandas/issues/46569,https://api.github.com/repos/pandas-dev/pandas,https://api.github.com/repos/pandas-dev/pandas/issues/46569/labels{/name},"{'login': 'kevinhodes', 'id': 89279983, 'node_id': 'MDQ6VXNlcjg5Mjc5OTgz', 'avatar_url': 'https://avatars.githubusercontent.com/u/89279983?v=4', 'gravatar_id': '', 'url': 'https://api.github.com/users/kevinhodes', 'html_url': 'https://github.com/kevinhodes', 'followers_url': 'https://api.github.com/users/kevinhodes/followers', 'following_url': 'https://api.github.com/users/kevinhodes/following{/other_user}', 'gists_url': 'https://api.github.com/users/kevinhodes/gists{/gist_id}', 'starred_url': 'https://api.github.com/users/kevinhodes/starred{/owner}{/repo}', 'subscriptions_url': 'https://api.github.com/users/kevinhodes/subscriptions', 'organizations_url': 'https://api.github.com/users/kevinhodes/orgs', 'repos_url': 'https://api.github.com/users/kevinhodes/repos', 'events_url': 'https://api.github.com/users/kevinhodes/events{/privacy}', 'received_events_url': 'https://api.github.com/users/kevinhodes/received_events', 'type': 'User', 'site_admin': False}"
https://api.github.com/repos/pandas-dev/pandas/issues/46568,https://api.github.com/repos/pandas-dev/pandas,https://api.github.com/repos/pandas-dev/pandas/issues/46568/labels{/name},"{'login': 'jbrockmendel', 'id': 8078968, 'node_id': 'MDQ6VXNlcjgwNzg5Njg=', 'avatar_url': 'https://avatars.githubusercontent.com/u/8078968?v=4', 'gravatar_id': '', 'url': 'https://api.github.com/users/jbrockmendel', 'html_url': 'https://github.com/jbrockmendel', 'followers_url': 'https://api.github.com/users/jbrockmendel/followers', 'following_url': 'https://api.github.com/users/jbrockmendel/following{/other_user}', 'gists_url': 'https://api.github.com/users/jbrockmendel/gists{/gist_id}', 'starred_url': 'https://api.github.com/users/jbrockmendel/starred{/owner}{/repo}', 'subscriptions_url': 'https://api.github.com/users/jbrockmendel/subscriptions', 'organizations_url': 'https://api.github.com/users/jbrockmendel/orgs', 'repos_url': 'https://api.github.com/users/jbrockmendel/repos', 'events_url': 'https://api.github.com/users/jbrockmendel/events{/privacy}', 'received_events_url': 'https://api.github.com/users/jbrockmendel/received_events', 'type': 'User', 'site_admin': False}"
https://api.github.com/repos/pandas-dev/pandas/issues/46567,https://api.github.com/repos/pandas-dev/pandas,https://api.github.com/repos/pandas-dev/pandas/issues/46567/labels{/name},"{'login': 'mroeschke', 'id': 10647082, 'node_id': 'MDQ6VXNlcjEwNjQ3MDgy', 'avatar_url': 'https://avatars.githubusercontent.com/u/10647082?v=4', 'gravatar_id': '', 'url': 'https://api.github.com/users/mroeschke', 'html_url': 'https://github.com/mroeschke', 'followers_url': 'https://api.github.com/users/mroeschke/followers', 'following_url': 'https://api.github.com/users/mroeschke/following{/other_user}', 'gists_url': 'https://api.github.com/users/mroeschke/gists{/gist_id}', 'starred_url': 'https://api.github.com/users/mroeschke/starred{/owner}{/repo}', 'subscriptions_url': 'https://api.github.com/users/mroeschke/subscriptions', 'organizations_url': 'https://api.github.com/users/mroeschke/orgs', 'repos_url': 'https://api.github.com/users/mroeschke/repos', 'events_url': 'https://api.github.com/users/mroeschke/events{/privacy}', 'received_events_url': 'https://api.github.com/users/mroeschke/received_events', 'type': 'User', 'site_admin': False}"
https://api.github.com/repos/pandas-dev/pandas/issues/46566,https://api.github.com/repos/pandas-dev/pandas,https://api.github.com/repos/pandas-dev/pandas/issues/46566/labels{/name},"{'login': 'ian-r-rose', 'id': 5728311, 'node_id': 'MDQ6VXNlcjU3MjgzMTE=', 'avatar_url': 'https://avatars.githubusercontent.com/u/5728311?v=4', 'gravatar_id': '', 'url': 'https://api.github.com/users/ian-r-rose', 'html_url': 'https://github.com/ian-r-rose', 'followers_url': 'https://api.github.com/users/ian-r-rose/followers', 'following_url': 'https://api.github.com/users/ian-r-rose/following{/other_user}', 'gists_url': 'https://api.github.com/users/ian-r-rose/gists{/gist_id}', 'starred_url': 'https://api.github.com/users/ian-r-rose/starred{/owner}{/repo}', 'subscriptions_url': 'https://api.github.com/users/ian-r-rose/subscriptions', 'organizations_url': 'https://api.github.com/users/ian-r-rose/orgs', 'repos_url': 'https://api.github.com/users/ian-r-rose/repos', 'events_url': 'https://api.github.com/users/ian-r-rose/events{/privacy}', 'received_events_url': 'https://api.github.com/users/ian-r-rose/received_events', 'type': 'User', 'site_admin': False}"
https://api.github.com/repos/pandas-dev/pandas/issues/46565,https://api.github.com/repos/pandas-dev/pandas,https://api.github.com/repos/pandas-dev/pandas/issues/46565/labels{/name},"{'login': 'simonjayhawkins', 'id': 13159005, 'node_id': 'MDQ6VXNlcjEzMTU5MDA1', 'avatar_url': 'https://avatars.githubusercontent.com/u/13159005?v=4', 'gravatar_id': '', 'url': 'https://api.github.com/users/simonjayhawkins', 'html_url': 'https://github.com/simonjayhawkins', 'followers_url': 'https://api.github.com/users/simonjayhawkins/followers', 'following_url': 'https://api.github.com/users/simonjayhawkins/following{/other_user}', 'gists_url': 'https://api.github.com/users/simonjayhawkins/gists{/gist_id}', 'starred_url': 'https://api.github.com/users/simonjayhawkins/starred{/owner}{/repo}', 'subscriptions_url': 'https://api.github.com/users/simonjayhawkins/subscriptions', 'organizations_url': 'https://api.github.com/users/simonjayhawkins/orgs', 'repos_url': 'https://api.github.com/users/simonjayhawkins/repos', 'events_url': 'https://api.github.com/users/simonjayhawkins/events{/privacy}', 'received_events_url': 'https://api.github.com/users/simonjayhawkins/received_events', 'type': 'User', 'site_admin': False}"
https://api.github.com/repos/pandas-dev/pandas/issues/46564,https://api.github.com/repos/pandas-dev/pandas,https://api.github.com/repos/pandas-dev/pandas/issues/46564/labels{/name},"{'login': 'jonashaag', 'id': 175722, 'node_id': 'MDQ6VXNlcjE3NTcyMg==', 'avatar_url': 'https://avatars.githubusercontent.com/u/175722?v=4', 'gravatar_id': '', 'url': 'https://api.github.com/users/jonashaag', 'html_url': 'https://github.com/jonashaag', 'followers_url': 'https://api.github.com/users/jonashaag/followers', 'following_url': 'https://api.github.com/users/jonashaag/following{/other_user}', 'gists_url': 'https://api.github.com/users/jonashaag/gists{/gist_id}', 'starred_url': 'https://api.github.com/users/jonashaag/starred{/owner}{/repo}', 'subscriptions_url': 'https://api.github.com/users/jonashaag/subscriptions', 'organizations_url': 'https://api.github.com/users/jonashaag/orgs', 'repos_url': 'https://api.github.com/users/jonashaag/repos', 'events_url': 'https://api.github.com/users/jonashaag/events{/privacy}', 'received_events_url': 'https://api.github.com/users/jonashaag/received_events', 'type': 'User', 'site_admin': False}"
https://api.github.com/repos/pandas-dev/pandas/issues/46563,https://api.github.com/repos/pandas-dev/pandas,https://api.github.com/repos/pandas-dev/pandas/issues/46563/labels{/name},"{'login': 'MarcoGorelli', 'id': 33491632, 'node_id': 'MDQ6VXNlcjMzNDkxNjMy', 'avatar_url': 'https://avatars.githubusercontent.com/u/33491632?v=4', 'gravatar_id': '', 'url': 'https://api.github.com/users/MarcoGorelli', 'html_url': 'https://github.com/MarcoGorelli', 'followers_url': 'https://api.github.com/users/MarcoGorelli/followers', 'following_url': 'https://api.github.com/users/MarcoGorelli/following{/other_user}', 'gists_url': 'https://api.github.com/users/MarcoGorelli/gists{/gist_id}', 'starred_url': 'https://api.github.com/users/MarcoGorelli/starred{/owner}{/repo}', 'subscriptions_url': 'https://api.github.com/users/MarcoGorelli/subscriptions', 'organizations_url': 'https://api.github.com/users/MarcoGorelli/orgs', 'repos_url': 'https://api.github.com/users/MarcoGorelli/repos', 'events_url': 'https://api.github.com/users/MarcoGorelli/events{/privacy}', 'received_events_url': 'https://api.github.com/users/MarcoGorelli/received_events', 'type': 'User', 'site_admin': False}"
https://api.github.com/repos/pandas-dev/pandas/issues/46562,https://api.github.com/repos/pandas-dev/pandas,https://api.github.com/repos/pandas-dev/pandas/issues/46562/labels{/name},"{'login': 'Kyrpel', 'id': 66919765, 'node_id': 'MDQ6VXNlcjY2OTE5NzY1', 'avatar_url': 'https://avatars.githubusercontent.com/u/66919765?v=4', 'gravatar_id': '', 'url': 'https://api.github.com/users/Kyrpel', 'html_url': 'https://github.com/Kyrpel', 'followers_url': 'https://api.github.com/users/Kyrpel/followers', 'following_url': 'https://api.github.com/users/Kyrpel/following{/other_user}', 'gists_url': 'https://api.github.com/users/Kyrpel/gists{/gist_id}', 'starred_url': 'https://api.github.com/users/Kyrpel/starred{/owner}{/repo}', 'subscriptions_url': 'https://api.github.com/users/Kyrpel/subscriptions', 'organizations_url': 'https://api.github.com/users/Kyrpel/orgs', 'repos_url': 'https://api.github.com/users/Kyrpel/repos', 'events_url': 'https://api.github.com/users/Kyrpel/events{/privacy}', 'received_events_url': 'https://api.github.com/users/Kyrpel/received_events', 'type': 'User', 'site_admin': False}"
https://api.github.com/repos/pandas-dev/pandas/issues/46561,https://api.github.com/repos/pandas-dev/pandas,https://api.github.com/repos/pandas-dev/pandas/issues/46561/labels{/name},"{'login': 'MarcoGorelli', 'id': 33491632, 'node_id': 'MDQ6VXNlcjMzNDkxNjMy', 'avatar_url': 'https://avatars.githubusercontent.com/u/33491632?v=4', 'gravatar_id': '', 'url': 'https://api.github.com/users/MarcoGorelli', 'html_url': 'https://github.com/MarcoGorelli', 'followers_url': 'https://api.github.com/users/MarcoGorelli/followers', 'following_url': 'https://api.github.com/users/MarcoGorelli/following{/other_user}', 'gists_url': 'https://api.github.com/users/MarcoGorelli/gists{/gist_id}', 'starred_url': 'https://api.github.com/users/MarcoGorelli/starred{/owner}{/repo}', 'subscriptions_url': 'https://api.github.com/users/MarcoGorelli/subscriptions', 'organizations_url': 'https://api.github.com/users/MarcoGorelli/orgs', 'repos_url': 'https://api.github.com/users/MarcoGorelli/repos', 'events_url': 'https://api.github.com/users/MarcoGorelli/events{/privacy}', 'received_events_url': 'https://api.github.com/users/MarcoGorelli/received_events', 'type': 'User', 'site_admin': False}"
https://api.github.com/repos/pandas-dev/pandas/issues/46560,https://api.github.com/repos/pandas-dev/pandas,https://api.github.com/repos/pandas-dev/pandas/issues/46560/labels{/name},"{'login': 'rhshadrach', 'id': 45562402, 'node_id': 'MDQ6VXNlcjQ1NTYyNDAy', 'avatar_url': 'https://avatars.githubusercontent.com/u/45562402?v=4', 'gravatar_id': '', 'url': 'https://api.github.com/users/rhshadrach', 'html_url': 'https://github.com/rhshadrach', 'followers_url': 'https://api.github.com/users/rhshadrach/followers', 'following_url': 'https://api.github.com/users/rhshadrach/following{/other_user}', 'gists_url': 'https://api.github.com/users/rhshadrach/gists{/gist_id}', 'starred_url': 'https://api.github.com/users/rhshadrach/starred{/owner}{/repo}', 'subscriptions_url': 'https://api.github.com/users/rhshadrach/subscriptions', 'organizations_url': 'https://api.github.com/users/rhshadrach/orgs', 'repos_url': 'https://api.github.com/users/rhshadrach/repos', 'events_url': 'https://api.github.com/users/rhshadrach/events{/privacy}', 'received_events_url': 'https://api.github.com/users/rhshadrach/received_events', 'type': 'User', 'site_admin': False}"
https://api.github.com/repos/pandas-dev/pandas/issues/46556,https://api.github.com/repos/pandas-dev/pandas,https://api.github.com/repos/pandas-dev/pandas/issues/46556/labels{/name},"{'login': 'flying-sheep', 'id': 291575, 'node_id': 'MDQ6VXNlcjI5MTU3NQ==', 'avatar_url': 'https://avatars.githubusercontent.com/u/291575?v=4', 'gravatar_id': '', 'url': 'https://api.github.com/users/flying-sheep', 'html_url': 'https://github.com/flying-sheep', 'followers_url': 'https://api.github.com/users/flying-sheep/followers', 'following_url': 'https://api.github.com/users/flying-sheep/following{/other_user}', 'gists_url': 'https://api.github.com/users/flying-sheep/gists{/gist_id}', 'starred_url': 'https://api.github.com/users/flying-sheep/starred{/owner}{/repo}', 'subscriptions_url': 'https://api.github.com/users/flying-sheep/subscriptions', 'organizations_url': 'https://api.github.com/users/flying-sheep/orgs', 'repos_url': 'https://api.github.com/users/flying-sheep/repos', 'events_url': 'https://api.github.com/users/flying-sheep/events{/privacy}', 'received_events_url': 'https://api.github.com/users/flying-sheep/received_events', 'type': 'User', 'site_admin': False}"
https://api.github.com/repos/pandas-dev/pandas/issues/46555,https://api.github.com/repos/pandas-dev/pandas,https://api.github.com/repos/pandas-dev/pandas/issues/46555/labels{/name},"{'login': 'flying-sheep', 'id': 291575, 'node_id': 'MDQ6VXNlcjI5MTU3NQ==', 'avatar_url': 'https://avatars.githubusercontent.com/u/291575?v=4', 'gravatar_id': '', 'url': 'https://api.github.com/users/flying-sheep', 'html_url': 'https://github.com/flying-sheep', 'followers_url': 'https://api.github.com/users/flying-sheep/followers', 'following_url': 'https://api.github.com/users/flying-sheep/following{/other_user}', 'gists_url': 'https://api.github.com/users/flying-sheep/gists{/gist_id}', 'starred_url': 'https://api.github.com/users/flying-sheep/starred{/owner}{/repo}', 'subscriptions_url': 'https://api.github.com/users/flying-sheep/subscriptions', 'organizations_url': 'https://api.github.com/users/flying-sheep/orgs', 'repos_url': 'https://api.github.com/users/flying-sheep/repos', 'events_url': 'https://api.github.com/users/flying-sheep/events{/privacy}', 'received_events_url': 'https://api.github.com/users/flying-sheep/received_events', 'type': 'User', 'site_admin': False}"
https://api.github.com/repos/pandas-dev/pandas/issues/46553,https://api.github.com/repos/pandas-dev/pandas,https://api.github.com/repos/pandas-dev/pandas/issues/46553/labels{/name},"{'login': 'kwhkim', 'id': 4476168, 'node_id': 'MDQ6VXNlcjQ0NzYxNjg=', 'avatar_url': 'https://avatars.githubusercontent.com/u/4476168?v=4', 'gravatar_id': '', 'url': 'https://api.github.com/users/kwhkim', 'html_url': 'https://github.com/kwhkim', 'followers_url': 'https://api.github.com/users/kwhkim/followers', 'following_url': 'https://api.github.com/users/kwhkim/following{/other_user}', 'gists_url': 'https://api.github.com/users/kwhkim/gists{/gist_id}', 'starred_url': 'https://api.github.com/users/kwhkim/starred{/owner}{/repo}', 'subscriptions_url': 'https://api.github.com/users/kwhkim/subscriptions', 'organizations_url': 'https://api.github.com/users/kwhkim/orgs', 'repos_url': 'https://api.github.com/users/kwhkim/repos', 'events_url': 'https://api.github.com/users/kwhkim/events{/privacy}', 'received_events_url': 'https://api.github.com/users/kwhkim/received_events', 'type': 'User', 'site_admin': False}"
https://api.github.com/repos/pandas-dev/pandas/issues/46552,https://api.github.com/repos/pandas-dev/pandas,https://api.github.com/repos/pandas-dev/pandas/issues/46552/labels{/name},"{'login': 'carlosan1708', 'id': 15173842, 'node_id': 'MDQ6VXNlcjE1MTczODQy', 'avatar_url': 'https://avatars.githubusercontent.com/u/15173842?v=4', 'gravatar_id': '', 'url': 'https://api.github.com/users/carlosan1708', 'html_url': 'https://github.com/carlosan1708', 'followers_url': 'https://api.github.com/users/carlosan1708/followers', 'following_url': 'https://api.github.com/users/carlosan1708/following{/other_user}', 'gists_url': 'https://api.github.com/users/carlosan1708/gists{/gist_id}', 'starred_url': 'https://api.github.com/users/carlosan1708/starred{/owner}{/repo}', 'subscriptions_url': 'https://api.github.com/users/carlosan1708/subscriptions', 'organizations_url': 'https://api.github.com/users/carlosan1708/orgs', 'repos_url': 'https://api.github.com/users/carlosan1708/repos', 'events_url': 'https://api.github.com/users/carlosan1708/events{/privacy}', 'received_events_url': 'https://api.github.com/users/carlosan1708/received_events', 'type': 'User', 'site_admin': False}"
https://api.github.com/repos/pandas-dev/pandas/issues/46551,https://api.github.com/repos/pandas-dev/pandas,https://api.github.com/repos/pandas-dev/pandas/issues/46551/labels{/name},"{'login': 'bikoboshi', 'id': 72529861, 'node_id': 'MDQ6VXNlcjcyNTI5ODYx', 'avatar_url': 'https://avatars.githubusercontent.com/u/72529861?v=4', 'gravatar_id': '', 'url': 'https://api.github.com/users/bikoboshi', 'html_url': 'https://github.com/bikoboshi', 'followers_url': 'https://api.github.com/users/bikoboshi/followers', 'following_url': 'https://api.github.com/users/bikoboshi/following{/other_user}', 'gists_url': 'https://api.github.com/users/bikoboshi/gists{/gist_id}', 'starred_url': 'https://api.github.com/users/bikoboshi/starred{/owner}{/repo}', 'subscriptions_url': 'https://api.github.com/users/bikoboshi/subscriptions', 'organizations_url': 'https://api.github.com/users/bikoboshi/orgs', 'repos_url': 'https://api.github.com/users/bikoboshi/repos', 'events_url': 'https://api.github.com/users/bikoboshi/events{/privacy}', 'received_events_url': 'https://api.github.com/users/bikoboshi/received_events', 'type': 'User', 'site_admin': False}"
https://api.github.com/repos/pandas-dev/pandas/issues/46549,https://api.github.com/repos/pandas-dev/pandas,https://api.github.com/repos/pandas-dev/pandas/issues/46549/labels{/name},"{'login': 'kwsp', 'id': 30088608, 'node_id': 'MDQ6VXNlcjMwMDg4NjA4', 'avatar_url': 'https://avatars.githubusercontent.com/u/30088608?v=4', 'gravatar_id': '', 'url': 'https://api.github.com/users/kwsp', 'html_url': 'https://github.com/kwsp', 'followers_url': 'https://api.github.com/users/kwsp/followers', 'following_url': 'https://api.github.com/users/kwsp/following{/other_user}', 'gists_url': 'https://api.github.com/users/kwsp/gists{/gist_id}', 'starred_url': 'https://api.github.com/users/kwsp/starred{/owner}{/repo}', 'subscriptions_url': 'https://api.github.com/users/kwsp/subscriptions', 'organizations_url': 'https://api.github.com/users/kwsp/orgs', 'repos_url': 'https://api.github.com/users/kwsp/repos', 'events_url': 'https://api.github.com/users/kwsp/events{/privacy}', 'received_events_url': 'https://api.github.com/users/kwsp/received_events', 'type': 'User', 'site_admin': False}"
https://api.github.com/repos/pandas-dev/pandas/issues/46548,https://api.github.com/repos/pandas-dev/pandas,https://api.github.com/repos/pandas-dev/pandas/issues/46548/labels{/name},"{'login': 'attack68', 'id': 24256554, 'node_id': 'MDQ6VXNlcjI0MjU2NTU0', 'avatar_url': 'https://avatars.githubusercontent.com/u/24256554?v=4', 'gravatar_id': '', 'url': 'https://api.github.com/users/attack68', 'html_url': 'https://github.com/attack68', 'followers_url': 'https://api.github.com/users/attack68/followers', 'following_url': 'https://api.github.com/users/attack68/following{/other_user}', 'gists_url': 'https://api.github.com/users/attack68/gists{/gist_id}', 'starred_url': 'https://api.github.com/users/attack68/starred{/owner}{/repo}', 'subscriptions_url': 'https://api.github.com/users/attack68/subscriptions', 'organizations_url': 'https://api.github.com/users/attack68/orgs', 'repos_url': 'https://api.github.com/users/attack68/repos', 'events_url': 'https://api.github.com/users/attack68/events{/privacy}', 'received_events_url': 'https://api.github.com/users/attack68/received_events', 'type': 'User', 'site_admin': False}"
https://api.github.com/repos/pandas-dev/pandas/issues/46546,https://api.github.com/repos/pandas-dev/pandas,https://api.github.com/repos/pandas-dev/pandas/issues/46546/labels{/name},"{'login': 'GYHHAHA', 'id': 41546976, 'node_id': 'MDQ6VXNlcjQxNTQ2OTc2', 'avatar_url': 'https://avatars.githubusercontent.com/u/41546976?v=4', 'gravatar_id': '', 'url': 'https://api.github.com/users/GYHHAHA', 'html_url': 'https://github.com/GYHHAHA', 'followers_url': 'https://api.github.com/users/GYHHAHA/followers', 'following_url': 'https://api.github.com/users/GYHHAHA/following{/other_user}', 'gists_url': 'https://api.github.com/users/GYHHAHA/gists{/gist_id}', 'starred_url': 'https://api.github.com/users/GYHHAHA/starred{/owner}{/repo}', 'subscriptions_url': 'https://api.github.com/users/GYHHAHA/subscriptions', 'organizations_url': 'https://api.github.com/users/GYHHAHA/orgs', 'repos_url': 'https://api.github.com/users/GYHHAHA/repos', 'events_url': 'https://api.github.com/users/GYHHAHA/events{/privacy}', 'received_events_url': 'https://api.github.com/users/GYHHAHA/received_events', 'type': 'User', 'site_admin': False}"
https://api.github.com/repos/pandas-dev/pandas/issues/46545,https://api.github.com/repos/pandas-dev/pandas,https://api.github.com/repos/pandas-dev/pandas/issues/46545/labels{/name},"{'login': 'anmyachev', 'id': 45976948, 'node_id': 'MDQ6VXNlcjQ1OTc2OTQ4', 'avatar_url': 'https://avatars.githubusercontent.com/u/45976948?v=4', 'gravatar_id': '', 'url': 'https://api.github.com/users/anmyachev', 'html_url': 'https://github.com/anmyachev', 'followers_url': 'https://api.github.com/users/anmyachev/followers', 'following_url': 'https://api.github.com/users/anmyachev/following{/other_user}', 'gists_url': 'https://api.github.com/users/anmyachev/gists{/gist_id}', 'starred_url': 'https://api.github.com/users/anmyachev/starred{/owner}{/repo}', 'subscriptions_url': 'https://api.github.com/users/anmyachev/subscriptions', 'organizations_url': 'https://api.github.com/users/anmyachev/orgs', 'repos_url': 'https://api.github.com/users/anmyachev/repos', 'events_url': 'https://api.github.com/users/anmyachev/events{/privacy}', 'received_events_url': 'https://api.github.com/users/anmyachev/received_events', 'type': 'User', 'site_admin': False}"
https://api.github.com/repos/pandas-dev/pandas/issues/46544,https://api.github.com/repos/pandas-dev/pandas,https://api.github.com/repos/pandas-dev/pandas/issues/46544/labels{/name},"{'login': 'anmyachev', 'id': 45976948, 'node_id': 'MDQ6VXNlcjQ1OTc2OTQ4', 'avatar_url': 'https://avatars.githubusercontent.com/u/45976948?v=4', 'gravatar_id': '', 'url': 'https://api.github.com/users/anmyachev', 'html_url': 'https://github.com/anmyachev', 'followers_url': 'https://api.github.com/users/anmyachev/followers', 'following_url': 'https://api.github.com/users/anmyachev/following{/other_user}', 'gists_url': 'https://api.github.com/users/anmyachev/gists{/gist_id}', 'starred_url': 'https://api.github.com/users/anmyachev/starred{/owner}{/repo}', 'subscriptions_url': 'https://api.github.com/users/anmyachev/subscriptions', 'organizations_url': 'https://api.github.com/users/anmyachev/orgs', 'repos_url': 'https://api.github.com/users/anmyachev/repos', 'events_url': 'https://api.github.com/users/anmyachev/events{/privacy}', 'received_events_url': 'https://api.github.com/users/anmyachev/received_events', 'type': 'User', 'site_admin': False}"
https://api.github.com/repos/pandas-dev/pandas/issues/46539,https://api.github.com/repos/pandas-dev/pandas,https://api.github.com/repos/pandas-dev/pandas/issues/46539/labels{/name},"{'login': 'davehemming', 'id': 6355796, 'node_id': 'MDQ6VXNlcjYzNTU3OTY=', 'avatar_url': 'https://avatars.githubusercontent.com/u/6355796?v=4', 'gravatar_id': '', 'url': 'https://api.github.com/users/davehemming', 'html_url': 'https://github.com/davehemming', 'followers_url': 'https://api.github.com/users/davehemming/followers', 'following_url': 'https://api.github.com/users/davehemming/following{/other_user}', 'gists_url': 'https://api.github.com/users/davehemming/gists{/gist_id}', 'starred_url': 'https://api.github.com/users/davehemming/starred{/owner}{/repo}', 'subscriptions_url': 'https://api.github.com/users/davehemming/subscriptions', 'organizations_url': 'https://api.github.com/users/davehemming/orgs', 'repos_url': 'https://api.github.com/users/davehemming/repos', 'events_url': 'https://api.github.com/users/davehemming/events{/privacy}', 'received_events_url': 'https://api.github.com/users/davehemming/received_events', 'type': 'User', 'site_admin': False}"
https://api.github.com/repos/pandas-dev/pandas/issues/46538,https://api.github.com/repos/pandas-dev/pandas,https://api.github.com/repos/pandas-dev/pandas/issues/46538/labels{/name},"{'login': 'jonashaag', 'id': 175722, 'node_id': 'MDQ6VXNlcjE3NTcyMg==', 'avatar_url': 'https://avatars.githubusercontent.com/u/175722?v=4', 'gravatar_id': '', 'url': 'https://api.github.com/users/jonashaag', 'html_url': 'https://github.com/jonashaag', 'followers_url': 'https://api.github.com/users/jonashaag/followers', 'following_url': 'https://api.github.com/users/jonashaag/following{/other_user}', 'gists_url': 'https://api.github.com/users/jonashaag/gists{/gist_id}', 'starred_url': 'https://api.github.com/users/jonashaag/starred{/owner}{/repo}', 'subscriptions_url': 'https://api.github.com/users/jonashaag/subscriptions', 'organizations_url': 'https://api.github.com/users/jonashaag/orgs', 'repos_url': 'https://api.github.com/users/jonashaag/repos', 'events_url': 'https://api.github.com/users/jonashaag/events{/privacy}', 'received_events_url': 'https://api.github.com/users/jonashaag/received_events', 'type': 'User', 'site_admin': False}"
https://api.github.com/repos/pandas-dev/pandas/issues/46534,https://api.github.com/repos/pandas-dev/pandas,https://api.github.com/repos/pandas-dev/pandas/issues/46534/labels{/name},"{'login': 'FactorizeD', 'id': 26720860, 'node_id': 'MDQ6VXNlcjI2NzIwODYw', 'avatar_url': 'https://avatars.githubusercontent.com/u/26720860?v=4', 'gravatar_id': '', 'url': 'https://api.github.com/users/FactorizeD', 'html_url': 'https://github.com/FactorizeD', 'followers_url': 'https://api.github.com/users/FactorizeD/followers', 'following_url': 'https://api.github.com/users/FactorizeD/following{/other_user}', 'gists_url': 'https://api.github.com/users/FactorizeD/gists{/gist_id}', 'starred_url': 'https://api.github.com/users/FactorizeD/starred{/owner}{/repo}', 'subscriptions_url': 'https://api.github.com/users/FactorizeD/subscriptions', 'organizations_url': 'https://api.github.com/users/FactorizeD/orgs', 'repos_url': 'https://api.github.com/users/FactorizeD/repos', 'events_url': 'https://api.github.com/users/FactorizeD/events{/privacy}', 'received_events_url': 'https://api.github.com/users/FactorizeD/received_events', 'type': 'User', 'site_admin': False}"
https://api.github.com/repos/pandas-dev/pandas/issues/46532,https://api.github.com/repos/pandas-dev/pandas,https://api.github.com/repos/pandas-dev/pandas/issues/46532/labels{/name},"{'login': 'WillAyd', 'id': 609873, 'node_id': 'MDQ6VXNlcjYwOTg3Mw==', 'avatar_url': 'https://avatars.githubusercontent.com/u/609873?v=4', 'gravatar_id': '', 'url': 'https://api.github.com/users/WillAyd', 'html_url': 'https://github.com/WillAyd', 'followers_url': 'https://api.github.com/users/WillAyd/followers', 'following_url': 'https://api.github.com/users/WillAyd/following{/other_user}', 'gists_url': 'https://api.github.com/users/WillAyd/gists{/gist_id}', 'starred_url': 'https://api.github.com/users/WillAyd/starred{/owner}{/repo}', 'subscriptions_url': 'https://api.github.com/users/WillAyd/subscriptions', 'organizations_url': 'https://api.github.com/users/WillAyd/orgs', 'repos_url': 'https://api.github.com/users/WillAyd/repos', 'events_url': 'https://api.github.com/users/WillAyd/events{/privacy}', 'received_events_url': 'https://api.github.com/users/WillAyd/received_events', 'type': 'User', 'site_admin': False}"
https://api.github.com/repos/pandas-dev/pandas/issues/46527,https://api.github.com/repos/pandas-dev/pandas,https://api.github.com/repos/pandas-dev/pandas/issues/46527/labels{/name},"{'login': 'furechan', 'id': 22035922, 'node_id': 'MDQ6VXNlcjIyMDM1OTIy', 'avatar_url': 'https://avatars.githubusercontent.com/u/22035922?v=4', 'gravatar_id': '', 'url': 'https://api.github.com/users/furechan', 'html_url': 'https://github.com/furechan', 'followers_url': 'https://api.github.com/users/furechan/followers', 'following_url': 'https://api.github.com/users/furechan/following{/other_user}', 'gists_url': 'https://api.github.com/users/furechan/gists{/gist_id}', 'starred_url': 'https://api.github.com/users/furechan/starred{/owner}{/repo}', 'subscriptions_url': 'https://api.github.com/users/furechan/subscriptions', 'organizations_url': 'https://api.github.com/users/furechan/orgs', 'repos_url': 'https://api.github.com/users/furechan/repos', 'events_url': 'https://api.github.com/users/furechan/events{/privacy}', 'received_events_url': 'https://api.github.com/users/furechan/received_events', 'type': 'User', 'site_admin': False}"
https://api.github.com/repos/pandas-dev/pandas/issues/46524,https://api.github.com/repos/pandas-dev/pandas,https://api.github.com/repos/pandas-dev/pandas/issues/46524/labels{/name},"{'login': 'rhshadrach', 'id': 45562402, 'node_id': 'MDQ6VXNlcjQ1NTYyNDAy', 'avatar_url': 'https://avatars.githubusercontent.com/u/45562402?v=4', 'gravatar_id': '', 'url': 'https://api.github.com/users/rhshadrach', 'html_url': 'https://github.com/rhshadrach', 'followers_url': 'https://api.github.com/users/rhshadrach/followers', 'following_url': 'https://api.github.com/users/rhshadrach/following{/other_user}', 'gists_url': 'https://api.github.com/users/rhshadrach/gists{/gist_id}', 'starred_url': 'https://api.github.com/users/rhshadrach/starred{/owner}{/repo}', 'subscriptions_url': 'https://api.github.com/users/rhshadrach/subscriptions', 'organizations_url': 'https://api.github.com/users/rhshadrach/orgs', 'repos_url': 'https://api.github.com/users/rhshadrach/repos', 'events_url': 'https://api.github.com/users/rhshadrach/events{/privacy}', 'received_events_url': 'https://api.github.com/users/rhshadrach/received_events', 'type': 'User', 'site_admin': False}"
https://api.github.com/repos/pandas-dev/pandas/issues/46522,https://api.github.com/repos/pandas-dev/pandas,https://api.github.com/repos/pandas-dev/pandas/issues/46522/labels{/name},"{'login': 'weikhor', 'id': 36619387, 'node_id': 'MDQ6VXNlcjM2NjE5Mzg3', 'avatar_url': 'https://avatars.githubusercontent.com/u/36619387?v=4', 'gravatar_id': '', 'url': 'https://api.github.com/users/weikhor', 'html_url': 'https://github.com/weikhor', 'followers_url': 'https://api.github.com/users/weikhor/followers', 'following_url': 'https://api.github.com/users/weikhor/following{/other_user}', 'gists_url': 'https://api.github.com/users/weikhor/gists{/gist_id}', 'starred_url': 'https://api.github.com/users/weikhor/starred{/owner}{/repo}', 'subscriptions_url': 'https://api.github.com/users/weikhor/subscriptions', 'organizations_url': 'https://api.github.com/users/weikhor/orgs', 'repos_url': 'https://api.github.com/users/weikhor/repos', 'events_url': 'https://api.github.com/users/weikhor/events{/privacy}', 'received_events_url': 'https://api.github.com/users/weikhor/received_events', 'type': 'User', 'site_admin': False}"
https://api.github.com/repos/pandas-dev/pandas/issues/46521,https://api.github.com/repos/pandas-dev/pandas,https://api.github.com/repos/pandas-dev/pandas/issues/46521/labels{/name},"{'login': 'FactorizeD', 'id': 26720860, 'node_id': 'MDQ6VXNlcjI2NzIwODYw', 'avatar_url': 'https://avatars.githubusercontent.com/u/26720860?v=4', 'gravatar_id': '', 'url': 'https://api.github.com/users/FactorizeD', 'html_url': 'https://github.com/FactorizeD', 'followers_url': 'https://api.github.com/users/FactorizeD/followers', 'following_url': 'https://api.github.com/users/FactorizeD/following{/other_user}', 'gists_url': 'https://api.github.com/users/FactorizeD/gists{/gist_id}', 'starred_url': 'https://api.github.com/users/FactorizeD/starred{/owner}{/repo}', 'subscriptions_url': 'https://api.github.com/users/FactorizeD/subscriptions', 'organizations_url': 'https://api.github.com/users/FactorizeD/orgs', 'repos_url': 'https://api.github.com/users/FactorizeD/repos', 'events_url': 'https://api.github.com/users/FactorizeD/events{/privacy}', 'received_events_url': 'https://api.github.com/users/FactorizeD/received_events', 'type': 'User', 'site_admin': False}"
https://api.github.com/repos/pandas-dev/pandas/issues/46519,https://api.github.com/repos/pandas-dev/pandas,https://api.github.com/repos/pandas-dev/pandas/issues/46519/labels{/name},"{'login': 'kwhkim', 'id': 4476168, 'node_id': 'MDQ6VXNlcjQ0NzYxNjg=', 'avatar_url': 'https://avatars.githubusercontent.com/u/4476168?v=4', 'gravatar_id': '', 'url': 'https://api.github.com/users/kwhkim', 'html_url': 'https://github.com/kwhkim', 'followers_url': 'https://api.github.com/users/kwhkim/followers', 'following_url': 'https://api.github.com/users/kwhkim/following{/other_user}', 'gists_url': 'https://api.github.com/users/kwhkim/gists{/gist_id}', 'starred_url': 'https://api.github.com/users/kwhkim/starred{/owner}{/repo}', 'subscriptions_url': 'https://api.github.com/users/kwhkim/subscriptions', 'organizations_url': 'https://api.github.com/users/kwhkim/orgs', 'repos_url': 'https://api.github.com/users/kwhkim/repos', 'events_url': 'https://api.github.com/users/kwhkim/events{/privacy}', 'received_events_url': 'https://api.github.com/users/kwhkim/received_events', 'type': 'User', 'site_admin': False}"
